"562129","23243","SET OF TEA COFFEE SUGAR TINS PANTRY","4","8/3/2011 9:09","4.95","13186","United Kingdom"
"578852","21976","PACK OF 60 MUSHROOM CAKE CASES","1","11/27/2011 11:12","0.55","17841","United Kingdom"
"541827","82581","TOILET METAL SIGN","1","1/21/2011 17:05","1.25","","United Kingdom"
"546891","84913B","MINT GREEN ROSE TOWEL","1","3/17/2011 18:18","3.29","","United Kingdom"
"557266","21865","PINK UNION JACK  PASSPORT COVER ","2","6/19/2011 11:14","2.10","14878","United Kingdom"
"571426","84029E","RED WOOLLY HOTTIE WHITE HEART.","4","10/17/2011 12:41","4.25","15179","United Kingdom"
"544479","22326","ROUND SNACK BOXES SET OF4 WOODLAND ","192","2/21/2011 10:28","2.55","14646","Netherlands"
"574715","22112","CHOCOLATE HOT WATER BOTTLE","24","11/6/2011 14:33","4.25","14135","United Kingdom"
"580319","21284","RETROSPOT CANDLE  SMALL","24","12/2/2011 15:39","0.39","15078","United Kingdom"
"579095","23155","KNICKERBOCKERGLORY MAGNET ASSORTED ","3","11/28/2011 11:00","0.83","17988","United Kingdom"
"566202","71053","WHITE METAL LANTERN","2","9/9/2011 14:22","3.75","15652","United Kingdom"
"567709","23545","WRAP RED VINTAGE DOILY","25","9/22/2011 9:53","0.42","15239","United Kingdom"
"570491","23313","VINTAGE CHRISTMAS BUNTING","4","10/10/2011 17:26","4.95","14395","United Kingdom"
"575619","23355","HOT WATER BOTTLE KEEP CALM","24","11/10/2011 12:59","4.15","14712","United Kingdom"
"538035","22952","60 CAKE CASES VINTAGE CHRISTMAS","6","12/9/2010 13:03","0.55","16065","United Kingdom"
"539750","22139","RETROSPOT TEA SET CERAMIC 11 PC ","1","12/21/2010 15:40","11.02","","United Kingdom"
"543653","21872","GLAMOROUS  MUG","1","2/11/2011 10:26","1.25","14796","United Kingdom"
"538086","84378","SET OF 3 HEART COOKIE CUTTERS","3","12/9/2010 14:44","1.25","12872","United Kingdom"
"550986","85093","CANDY SPOT EGG WARMER HARE","4","4/21/2011 18:06","0.83","","United Kingdom"
"563580","23298","SPOTTY BUNTING","1","8/17/2011 15:53","4.95","16706","United Kingdom"
"555535","85099B","JUMBO BAG RED RETROSPOT","10","6/5/2011 12:16","2.08","16458","United Kingdom"
"575063","82578","KITCHEN METAL SIGN","1","11/8/2011 12:32","0.55","16764","United Kingdom"
"559948","23179","CLOCK MAGNET MUM'S KITCHEN","24","7/14/2011 10:41","2.89","12653","Israel"
"568898","21071","VINTAGE BILLBOARD DRINK ME MUG","12","9/29/2011 13:17","1.25","13354","United Kingdom"
"555591","22676","FRENCH BLUE METAL DOOR SIGN 1","10","6/6/2011 9:59","1.25","15073","United Kingdom"
"541423","22964","3 PIECE SPACEBOY COOKIE CUTTER SET","1","1/17/2011 17:54","4.13","","United Kingdom"
"551152","17003","BROCADE RING PURSE ","14","4/26/2011 14:47","0.29","13230","United Kingdom"
"557937","23091","ZINC HERB GARDEN CONTAINER","1","6/23/2011 15:30","12.46","","United Kingdom"
"569105","21158","MOODY GIRL DOOR HANGER ","2","9/30/2011 12:35","0.39","16729","United Kingdom"
"575176","21154","RED RETROSPOT OVEN GLOVE ","2","11/8/2011 18:29","2.46","","United Kingdom"
"546367","21116","OWL DOORSTOP","16","3/11/2011 11:38","4.25","15513","United Kingdom"
"568721","22909","SET OF 20 VINTAGE CHRISTMAS NAPKINS","2","9/28/2011 16:24","1.63","","United Kingdom"
"539019","22150","3 STRIPEY MICE FELTCRAFT","2","12/15/2010 14:12","1.95","17551","United Kingdom"
"544294","22716","CARD CIRCUS PARADE","12","2/17/2011 12:42","0.42","15601","United Kingdom"
"559507","21469","POLKA DOT RAFFIA FOOD COVER","1","7/8/2011 15:22","3.75","15920","United Kingdom"
"578255","21328","BALLOONS  WRITING SET ","11","11/23/2011 12:58","1.65","14675","United Kingdom"
"578698","90031","BILI NUT AND WOOD NECKLACE","6","11/25/2011 10:20","1.00","12620","France"
"544474","85230E","STRAWBRY SCENTED VOTIVE CANDLE","24","2/21/2011 9:52","0.29","12423","Belgium"
"550332","22938","CUPCAKE LACE PAPER SET 6","2","4/17/2011 13:53","1.95","13474","United Kingdom"
"569216","22558","CLOTHES PEGS RETROSPOT PACK 24 ","3","10/2/2011 12:41","1.65","15555","United Kingdom"
"557217","21915","RED  HARMONICA IN BOX ","12","6/17/2011 12:30","1.25","17426","United Kingdom"
"562933","21270","ANTIQUE CREAM CUTLERY CUPBOARD","1","8/10/2011 16:51","24.96","","United Kingdom"
"554792","21080","SET/20 RED RETROSPOT PAPER NAPKINS ","24","5/26/2011 12:38","0.85","12547","Spain"
"573915","21352","EUCALYPTUS & PINECONE  WREATH","1","11/1/2011 15:55","2.95","15511","United Kingdom"
"561258","22427","ENAMEL FLOWER JUG CREAM","3","7/26/2011 12:03","5.95","15513","United Kingdom"
"560644","23199","JUMBO BAG APPLES","10","7/20/2011 11:22","2.08","16271","United Kingdom"
"546849","82494L","WOODEN FRAME ANTIQUE WHITE ","3","3/17/2011 13:13","2.95","13623","United Kingdom"
"550015","22273","FELTCRAFT DOLL MOLLY","6","4/14/2011 10:54","2.95","17735","United Kingdom"
"551161","85123A","WHITE HANGING HEART T-LIGHT HOLDER","6","4/26/2011 15:26","2.95","18183","United Kingdom"
"553859","21196","ROUND WHITE CONFETTI IN TUBE","1","5/19/2011 13:35","1.65","14505","United Kingdom"
"538852","21754","HOME BUILDING BLOCK WORD","2","12/14/2010 13:33","5.95","17372","United Kingdom"
"579089","21615","4 LAVENDER BOTANICAL DINNER CANDLES","1","11/28/2011 10:46","1.25","17920","United Kingdom"
"564510","21985","PACK OF 12 HEARTS DESIGN TISSUES ","24","8/25/2011 14:42","0.29","14194","United Kingdom"
"537159","22667","RECIPE BOX RETROSPOT ","1","12/5/2010 13:17","2.95","14527","United Kingdom"
"568701","84836","ZINC METAL HEART DECORATION","12","9/28/2011 15:07","1.25","13924","United Kingdom"
"557854","20973","12 PENCIL SMALL TUBE WOODLAND","5","6/23/2011 11:38","0.65","13268","United Kingdom"
"575610","22279","POCKET BAG BLUE PAISLEY RED SPOT","12","11/10/2011 12:45","1.25","16628","United Kingdom"
"571940","22576","SWALLOW WOODEN CHRISTMAS DECORATION","12","10/20/2011 9:57","0.85","15301","United Kingdom"
"554348","21756","BATH BUILDING BLOCK WORD","3","5/24/2011 8:49","5.95","13523","United Kingdom"
"580284","21137","BLACK RECORD COVER FRAME","24","12/2/2011 13:21","3.39","15311","United Kingdom"
"537241","22111","SCOTTIE DOG HOT WATER BOTTLE","9","12/6/2010 10:18","4.95","14293","United Kingdom"
"558761","22630","DOLLY GIRL LUNCH BOX","1","7/3/2011 12:52","1.95","15033","United Kingdom"
"550206","21658","GLASS  BEURRE DISH","1","4/15/2011 10:38","8.29","","United Kingdom"
"576563","23355","HOT WATER BOTTLE KEEP CALM","2","11/15/2011 13:27","4.95","17564","United Kingdom"
"559914","84970s","HANGING HEART ZINC T-LIGHT HOLDER","3","7/13/2011 15:13","2.08","","United Kingdom"
"569632","90129B","TURQUOISE GLASS TASSLE BAG CHARM ","6","10/5/2011 11:57","2.95","13808","United Kingdom"
"567183","23404","HOME SWEET HOME BLACKBOARD","2","9/18/2011 15:32","4.95","14769","United Kingdom"
"550015","20975","12 PENCILS SMALL TUBE RED RETROSPOT","24","4/14/2011 10:54","0.65","17735","United Kingdom"
"538032","22840","ROUND CAKE TIN VINTAGE RED","2","12/9/2010 12:59","7.95","14479","United Kingdom"
"569680","23296","SET OF 6 TEA TIME BAKING CASES","8","10/5/2011 14:28","1.25","16803","United Kingdom"
"572195","23100","SILVER BELLS TABLE DECORATION","1","10/21/2011 11:49","1.25","14562","United Kingdom"
"564838","23202","JUMBO BAG VINTAGE LEAF","2","8/30/2011 12:43","4.13","","United Kingdom"
"575339","23118","PARISIENNE JEWELLERY DRAWER ","1","11/9/2011 14:29","7.50","15555","United Kingdom"
"544292","21175","GIN + TONIC DIET METAL SIGN","2","2/17/2011 12:33","2.55","16745","United Kingdom"
"580092","23528","WALL ART SPACEBOY","3","12/1/2011 14:38","3.75","13969","United Kingdom"
"552273","20972","PINK CREAM FELT CRAFT TRINKET BOX ","12","5/8/2011 12:26","1.25","13021","United Kingdom"
"558117","84997a","CHILDRENS CUTLERY POLKADOT GREEN ","1","6/27/2011 9:11","8.29","","United Kingdom"
"580727","20707","CRAZY DAISY HEART DECORATION","1","12/5/2011 17:17","2.46","14096","United Kingdom"
"562276","22907","PACK OF 20 NAPKINS PANTRY DESIGN","12","8/4/2011 10:23","0.85","17735","United Kingdom"
"564849","23433","HANGING QUILTED PATCHWORK APPLES","36","8/30/2011 15:42","0.83","17675","United Kingdom"
"542794","84968C","SET OF 16 VINTAGE PISTACHIO CUTLERY","1","2/1/2011 10:56","24.96","","United Kingdom"
"567905","23417","BATHROOM HOOK","12","9/22/2011 16:37","1.65","12952","United Kingdom"
"559364","22383","LUNCH BAG SUKI DESIGN ","10","7/8/2011 8:48","1.65","17735","United Kingdom"
"565122","21244","BLUE POLKADOT PLATE ","12","9/1/2011 11:48","1.69","13069","United Kingdom"
"547825","84380","SET OF 3 BUTTERFLY COOKIE CUTTERS","36","3/25/2011 15:01","1.25","12778","Netherlands"
"571566","22584","PACK OF 6 PANNETONE GIFT BOXES","6","10/18/2011 10:19","2.55","13594","United Kingdom"
"559931","23040","PAPER LANTERN 9 POINT SNOW STAR","3","7/14/2011 9:23","5.75","17738","United Kingdom"
"574072","21756","BATH BUILDING BLOCK WORD","3","11/2/2011 14:58","6.25","15414","United Kingdom"
"537623","22798","ANTIQUE GLASS DRESSING TABLE POT","4","12/7/2010 14:31","2.95","15858","United Kingdom"
"547801","21535","RED RETROSPOT SMALL MILK JUG","6","3/25/2011 12:57","2.55","14107","United Kingdom"
"570661","22726","ALARM CLOCK BAKELIKE GREEN","8","10/11/2011 14:19","3.75","17554","United Kingdom"
"546884","21165","BEWARE OF THE CAT METAL SIGN ","1","3/17/2011 18:08","4.13","","United Kingdom"
"577479","22912","YELLOW COAT RACK PARIS FASHION","3","11/20/2011 11:34","4.95","14911","EIRE"
"547029","22423","REGENCY CAKESTAND 3 TIER","32","3/20/2011 10:17","10.95","15465","United Kingdom"
"538418","84993A","75 GREEN PETIT FOUR CASES","2","12/12/2010 12:00","0.42","17372","United Kingdom"
"577776","22236","CAKE STAND 3 TIER MAGIC GARDEN","1","11/21/2011 16:02","12.75","12504","Germany"
"576628","21507","ELEPHANT BIRTHDAY CARD ","12","11/16/2011 8:28","0.42","13449","United Kingdom"
"559298","23264","SET OF 3 WOODEN SLEIGH DECORATIONS","12","7/7/2011 12:38","1.25","12471","Germany"
"569124","22728","ALARM CLOCK BAKELIKE PINK","4","9/30/2011 13:15","3.75","15172","United Kingdom"
"574733","22663","JUMBO BAG DOLLY GIRL DESIGN","20","11/6/2011 15:17","2.08","17082","United Kingdom"
"553718","85123A","WHITE HANGING HEART T-LIGHT HOLDER","11","5/18/2011 16:14","2.95","","United Kingdom"
"573029","22138","BAKING SET 9 PIECE RETROSPOT ","2","10/27/2011 13:33","4.95","14971","United Kingdom"
"568703","22570","FELTCRAFT CUSHION RABBIT","2","9/28/2011 15:21","3.75","12748","United Kingdom"
"541423","21993","FLORAL FOLK STATIONERY SET","5","1/17/2011 17:54","2.46","","United Kingdom"
"549573","22117","METAL SIGN HER DINNER IS SERVED ","1","4/10/2011 16:01","2.95","14504","United Kingdom"
"554415","22699","ROSES REGENCY TEACUP AND SAUCER ","6","5/24/2011 12:10","2.95","18202","United Kingdom"
"552232","22195","LARGE HEART MEASURING SPOONS","1","5/6/2011 15:54","3.29","","United Kingdom"
"559491","22381","TOY TIDY PINK POLKADOT","1","7/8/2011 13:53","4.96","","United Kingdom"
"577438","21327","SKULLS WRITING SET ","1","11/20/2011 11:09","1.65","18118","United Kingdom"
"563350","23028","DRAWER KNOB CRACKLE GLAZE BLUE","10","8/15/2011 14:10","1.65","14498","United Kingdom"
"551702","37446","MINI CAKE STAND WITH HANGING CAKES","8","5/3/2011 14:16","1.45","13014","United Kingdom"
"575692","22744","MAKE YOUR OWN MONSOON CARD KIT","1","11/10/2011 16:27","2.95","12508","France"
"559818","84755","COLOUR GLASS T-LIGHT HOLDER HANGING","144","7/12/2011 16:37","0.55","13408","United Kingdom"
"545075","20723","STRAWBERRY CHARLOTTE BAG","10","2/28/2011 9:33","0.85","14211","United Kingdom"
"550298","23006","TRAVEL CARD WALLET FLOWER MEADOW","5","4/15/2011 16:11","0.42","17346","United Kingdom"
"580819","21705","BAG 500g SWIRLY MARBLES","24","12/6/2011 11:30","0.39","15318","United Kingdom"
"565396","20978","36 PENCILS TUBE SKULLS","1","9/2/2011 16:39","2.46","","United Kingdom"
"562615","85099F","JUMBO BAG STRAWBERRY","10","8/8/2011 12:20","2.08","16458","United Kingdom"
"537240","22155","STAR DECORATION RUSTIC","2","12/6/2010 10:08","0.85","","United Kingdom"
"568060","21080","SET/20 RED RETROSPOT PAPER NAPKINS ","2","9/23/2011 13:11","0.85","14546","United Kingdom"
"545851","22268","EASTER DECORATION SITTING BUNNY","6","3/7/2011 13:45","0.85","15026","United Kingdom"
"573287","21259","VICTORIAN SEWING BOX SMALL ","2","10/28/2011 14:42","5.95","14194","United Kingdom"
"538327","22243","5 HOOK HANGER RED MAGIC TOADSTOOL","6","12/10/2010 13:58","1.65","15514","United Kingdom"
"571670","22993","SET OF 4 PANTRY JELLY MOULDS","12","10/18/2011 13:12","1.25","12611","Italy"
"577504","22065","CHRISTMAS PUDDING TRINKET POT ","1","11/20/2011 12:36","0.39","14159","United Kingdom"
"544586","85123A","WHITE HANGING HEART T-LIGHT HOLDER","8","2/21/2011 15:04","2.95","17338","United Kingdom"
"553088","21240","BLUE POLKADOT CUP","16","5/13/2011 11:53","0.85","16180","United Kingdom"
"559338","22718","CARD CAT AND TREE ","1","7/7/2011 16:30","0.83","","United Kingdom"
"545067","22973","CHILDREN'S CIRCUS PARADE MUG","1","2/27/2011 14:49","1.65","17894","United Kingdom"
"566269","21829","DINOSAUR KEYRINGS ASSORTED","36","9/11/2011 13:39","0.21","17864","United Kingdom"
"538171","20971","PINK BLUE FELT CRAFT TRINKET BOX","2","12/9/2010 20:01","1.25","17530","United Kingdom"
"547663","22139","RETROSPOT TEA SET CERAMIC 11 PC ","1","3/24/2011 13:16","4.95","16022","United Kingdom"
"577768","22539","MINI JIGSAW DOLLY GIRL","2","11/21/2011 15:18","0.83","","United Kingdom"
"547248","90014A","SILVER/MOP ORBIT NECKLACE","1","3/22/2011 9:23","10.40","","United Kingdom"
"556245","22467","GUMBALL COAT RACK","108","6/9/2011 16:10","2.10","17841","United Kingdom"
"561820","21755","LOVE BUILDING BLOCK WORD","1","7/29/2011 16:00","12.46","","United Kingdom"
"572082","22909","SET OF 20 VINTAGE CHRISTMAS NAPKINS","24","10/20/2011 14:18","0.85","17672","United Kingdom"
"570598","22114","HOT WATER BOTTLE TEA AND SYMPATHY","4","10/11/2011 11:55","4.25","14175","United Kingdom"
"571032","22470","HEART OF WICKER LARGE","2","10/13/2011 12:38","2.95","13827","United Kingdom"
"557217","23174","REGENCY SUGAR BOWL GREEN","4","6/17/2011 12:30","4.15","17426","United Kingdom"
"560034","23299","FOOD COVER WITH BEADS SET 2 ","6","7/14/2011 13:35","3.75","13933","United Kingdom"
"580612","85049a","TRADITIONAL CHRISTMAS RIBBONS","8","12/5/2011 11:58","3.29","","United Kingdom"
"558774","22135","MINI LADLE LOVE HEART PINK","1","7/4/2011 10:17","0.83","","United Kingdom"
"564661","22080","RIBBON REEL POLKADOTS ","10","8/26/2011 14:45","1.65","12948","United Kingdom"
"580697","23520","EMBROIDERED RIBBON REEL RUBY ","1","12/5/2011 16:05","3.75","15984","United Kingdom"
"538346","21907","I'M ON HOLIDAY METAL SIGN","12","12/10/2010 14:53","2.10","17865","United Kingdom"
"555149","22479","DAISY GARDEN MARKER","1","5/31/2011 15:49","2.46","","United Kingdom"
"543989","22634","CHILDS BREAKFAST SET SPACEBOY ","24","2/15/2011 9:52","8.50","12415","Australia"
"540362","21328","BALLOONS  WRITING SET ","2","1/6/2011 15:42","1.65","13656","United Kingdom"
"542788","22727","ALARM CLOCK BAKELIKE RED ","4","2/1/2011 10:37","3.75","16570","United Kingdom"
"537698","21464","DISCO BALL ROTATOR BATTERY OPERATED","16","12/8/2010 10:51","4.25","13199","United Kingdom"
"560232","22730","ALARM CLOCK BAKELIKE IVORY","4","7/17/2011 11:08","3.75","14810","United Kingdom"
"556910","21723","ALPHABET HEARTS STICKER SHEET","6","6/15/2011 13:25","0.85","12748","United Kingdom"
"554939","84997A","CHILDRENS CUTLERY POLKADOT GREEN ","1","5/27/2011 13:49","4.15","15311","United Kingdom"
"569007","21731","RED TOADSTOOL LED NIGHT LIGHT","12","9/29/2011 18:51","1.65","17552","United Kingdom"
"548893","21381","MINI WOODEN HAPPY BIRTHDAY GARLAND","1","4/4/2011 15:54","3.29","","United Kingdom"
"572669","82581","TOILET METAL SIGN","1","10/25/2011 13:10","0.55","16549","United Kingdom"
"575516","21754","HOME BUILDING BLOCK WORD","3","11/10/2011 10:45","6.25","17340","United Kingdom"
"571227","22212","FOUR HOOK  WHITE LOVEBIRDS","12","10/14/2011 13:54","2.10","12477","Germany"
"539437","22614","PACK OF 12 SPACEBOY TISSUES","1","12/17/2010 14:54","0.85","","United Kingdom"
"578151","22907","PACK OF 20 NAPKINS PANTRY DESIGN","12","11/23/2011 11:18","0.85","16020","United Kingdom"
"571665","23352","ROLL WRAP 50'S RED CHRISTMAS ","24","10/18/2011 12:59","1.25","12540","Spain"
"549583","82582","AREA PATROLLED METAL SIGN","12","4/11/2011 9:46","2.10","15214","United Kingdom"
"573914","22617","BAKING SET SPACEBOY DESIGN","12","11/1/2011 15:53","4.95","14383","United Kingdom"
"578303","47566","PARTY BUNTING","8","11/23/2011 15:39","4.95","14733","United Kingdom"
"575602","84997D","CHILDRENS CUTLERY POLKADOT PINK","1","11/10/2011 12:27","4.15","17059","United Kingdom"
"580635","23439","HAND WARMER RED LOVE HEART","1","12/5/2011 12:30","2.10","14649","United Kingdom"
"576372","23202","JUMBO BAG VINTAGE LEAF","20","11/15/2011 8:32","2.08","15144","United Kingdom"
"580816","22410","MONEY BOX HOUSEKEEPING DESIGN","12","12/6/2011 11:28","0.39","15157","United Kingdom"
"554658","20724","RED RETROSPOT CHARLOTTE BAG","10","5/25/2011 14:18","0.85","12839","United Kingdom"
"579093","23082","SET 6 PAPER TABLE LANTERN HEARTS ","12","11/28/2011 10:54","3.75","13081","United Kingdom"
"577493","23681","LUNCH BAG RED VINTAGE DOILY","3","11/20/2011 12:13","1.65","17323","United Kingdom"
"578088","75049L","LARGE CIRCULAR MIRROR MOBILE","6","11/22/2011 16:47","1.25","16376","United Kingdom"
"575477","22139","RETROSPOT TEA SET CERAMIC 11 PC ","1","11/9/2011 16:14","10.79","","United Kingdom"
"567184","23146","TRIPLE HOOK ANTIQUE IVORY ROSE","1","9/18/2011 15:41","3.29","16033","United Kingdom"
"556812","85093","CANDY SPOT EGG WARMER HARE","6","6/14/2011 17:25","0.83","","United Kingdom"
"564436","21629","SQUARE FLOOR CUSHION VINTAGE RED","2","8/25/2011 12:06","7.95","17841","United Kingdom"
"566561","22551","PLASTERS IN TIN SPACEBOY","12","9/13/2011 12:13","1.65","18145","United Kingdom"
"565612","22367","CHILDRENS APRON SPACEBOY DESIGN","8","9/5/2011 15:17","1.95","12616","France"
"537210","22942","CHRISTMAS LIGHTS 10 SANTAS ","1","12/5/2010 15:15","8.50","15953","United Kingdom"
"579132","23214","JINGLE BELL HEART ANTIQUE GOLD","1","11/28/2011 12:35","2.08","15022","United Kingdom"
"559068","22041","RECORD FRAME 7\" SINGLE SIZE ","1","7/6/2011 10:41","2.55","17841","United Kingdom"
"574573","22530","MAGIC DRAWING SLATE DOLLY GIRL ","1","11/4/2011 16:35","0.42","14592","United Kingdom"
"559919","23122","PARTY CHARMS 50 PIECES","144","7/13/2011 15:30","0.72","12415","Australia"
"547383","85099B","JUMBO BAG RED RETROSPOT","10","3/22/2011 15:42","1.95","12613","Germany"
"548522","22032","BOTANICAL LILY GREETING CARD","3","3/31/2011 16:43","0.83","","United Kingdom"
"552978","22935","BAKING MOULD ROSE MILK CHOCOLATE","72","5/12/2011 14:46","2.75","12590","Germany"
"540176","21428","SET3 BOOK BOX GREEN GINGHAM FLOWER ","16","1/5/2011 12:40","3.75","17511","United Kingdom"
"578953","23319","BOX OF 6 MINI 50'S CRACKERS","5","11/27/2011 14:50","2.49","13546","United Kingdom"
"558774","11001","ASSTD DESIGN RACING CAR PEN","15","7/4/2011 10:17","0.83","","United Kingdom"
"569405","22751","FELTCRAFT PRINCESS OLIVIA DOLL","4","10/4/2011 9:05","3.75","15241","United Kingdom"
"542631","22930","BAKING MOULD HEART MILK CHOCOLATE","4","1/31/2011 10:09","2.55","12841","United Kingdom"
"538397","85032B","BLOSSOM IMAGES GIFT WRAP SET","48","12/12/2010 11:44","2.10","12753","Japan"
"550960","85066","CREAM SWEETHEART MINI CHEST","2","4/21/2011 16:39","12.75","12622","Germany"
"565917","23181","BULL DOG BOTTLE TOP WALL CLOCK","1","9/7/2011 16:15","16.63","","United Kingdom"
"545301","84997D","PINK 3 PIECE POLKADOT CUTLERY SET","5","3/1/2011 12:26","4.15","12679","France"
"550163","23231","WRAP DOILEY DESIGN","25","4/14/2011 16:26","0.42","14154","United Kingdom"
"560240","21314","SMALL GLASS HEART TRINKET POT","1","7/17/2011 11:59","2.10","15716","United Kingdom"
"547026","84970S","HANGING HEART ZINC T-LIGHT HOLDER","12","3/18/2011 17:07","0.85","14633","United Kingdom"
"540167","22377","BOTTLE BAG RETROSPOT ","20","1/5/2011 12:13","0.85","16600","United Kingdom"
"540154","21167","WHITE SAGE INCENSE","1","1/5/2011 11:30","0.43","","United Kingdom"
"552676","85123a","WHITE HANGING HEART T-LIGHT HOLDER","2","5/10/2011 15:07","6.63","","United Kingdom"
"559293","23275","SET OF 3 HANGING OWLS OLLIE BEAK","2","7/7/2011 12:29","1.25","16743","United Kingdom"
"555850","20668","DISCO BALL CHRISTMAS DECORATION","96","6/7/2011 13:35","0.12","16550","United Kingdom"
"567816","21429","RED GINGHAM ROSE JEWELLERY BOX","4","9/22/2011 12:34","1.95","17243","United Kingdom"
"545105","20665","RED RETROSPOT PURSE ","12","2/28/2011 11:58","2.95","12598","France"
"537262","22669","RED BABY BUNTING ","2","12/6/2010 11:26","2.95","15039","United Kingdom"
"565732","22386","JUMBO BAG PINK POLKADOT","10","9/6/2011 12:10","2.08","17068","United Kingdom"
"564760","21212","PACK OF 72 RETROSPOT CAKE CASES","1","8/30/2011 10:47","1.25","","United Kingdom"
"581492","21509","COWBOYS AND INDIANS BIRTHDAY CARD ","2","12/9/2011 10:03","0.83","","United Kingdom"
"568949","20713","JUMBO BAG OWLS","2","9/29/2011 15:13","4.13","","United Kingdom"
"573314","23352","ROLL WRAP 50'S RED CHRISTMAS ","4","10/28/2011 17:26","1.25","16987","United Kingdom"
"578511","22912","YELLOW COAT RACK PARIS FASHION","2","11/24/2011 13:27","4.95","17975","United Kingdom"
"541867","37370","RETRO COFFEE MUGS ASSORTED","6","1/24/2011 9:28","1.25","14744","United Kingdom"
"578067","22973","CHILDREN'S CIRCUS PARADE MUG","1","11/22/2011 15:43","3.29","","United Kingdom"
"549023","22139","RETROSPOT TEA SET CERAMIC 11 PC ","1","4/5/2011 16:27","10.79","","United Kingdom"
"565445","21154","RED RETROSPOT OVEN GLOVE ","1","9/4/2011 14:50","1.25","13548","United Kingdom"
"556932","84279P","CHERRY BLOSSOM  DECORATIVE FLASK","1","6/15/2011 15:41","8.29","","United Kingdom"
"570272","23354","6 GIFT TAGS 50'S CHRISTMAS ","12","10/10/2011 10:45","0.83","14297","United Kingdom"
"572918","85123A","WHITE HANGING HEART T-LIGHT HOLDER","6","10/26/2011 16:43","2.95","14379","United Kingdom"
"554824","84692","BOX OF 24 COCKTAIL PARASOLS","25","5/26/2011 14:21","0.42","15785","United Kingdom"
"568135","22754","SMALL RED BABUSHKA NOTEBOOK ","1","9/23/2011 17:04","1.63","","United Kingdom"
"555025","23256","CHILDRENS CUTLERY SPACEBOY ","4","5/31/2011 11:21","4.15","17648","United Kingdom"
"551650","21874","GIN AND TONIC MUG","12","5/3/2011 12:02","1.25","13089","United Kingdom"
"574103","23348","CHILDRENS TOY COOKING UTENSIL SET","6","11/3/2011 10:30","2.08","13636","United Kingdom"
"562101","22661","CHARLOTTE BAG DOLLY GIRL DESIGN","10","8/2/2011 14:04","0.85","13850","United Kingdom"
"554160","23146","TRIPLE HOOK ANTIQUE IVORY ROSE","1","5/23/2011 11:49","3.29","17841","United Kingdom"
"579885","23425","STORAGE TIN HOME SWEET HOME","3","11/30/2011 17:37","2.49","15444","United Kingdom"
"540550","84050","PINK HEART SHAPE EGG FRYING PAN","6","1/10/2011 9:11","1.65","12539","Spain"
"579002","85049A","TRADITIONAL CHRISTMAS RIBBONS","5","11/27/2011 16:27","1.25","14093","United Kingdom"
"552877","85123A","WHITE HANGING HEART T-LIGHT HOLDER","6","5/12/2011 9:49","2.95","14883","United Kingdom"
"538077","20759","CHRYSANTHEMUM POCKET BOOK ","4","12/9/2010 14:19","0.85","14667","United Kingdom"
"575985","20974","12 PENCILS SMALL TUBE SKULL","2","11/13/2011 14:09","0.65","17841","United Kingdom"
"557758","82580","BATHROOM METAL SIGN","4","6/22/2011 13:28","0.55","17585","United Kingdom"
"566060","85099C","JUMBO  BAG BAROQUE BLACK WHITE","1","9/8/2011 15:27","4.13","","United Kingdom"
"574561","22419","LIPSTICK PEN RED","2","11/4/2011 15:52","0.83","","United Kingdom"
"553013","21933","PINK VINTAGE PAISLEY PICNIC BAG","1","5/12/2011 18:19","2.46","","United Kingdom"
"568593","23012","GLASS APOTHECARY BOTTLE PERFUME","4","9/28/2011 10:54","3.95","13988","United Kingdom"
"543732","15056n","EDWARDIAN PARASOL NATURAL","1","2/11/2011 12:02","12.46","","United Kingdom"
"540568","22222","CAKE PLATE LOVEBIRD WHITE","12","1/10/2011 11:22","1.95","15039","United Kingdom"
"571036","23224","CHERUB HEART DECORATION GOLD","12","10/13/2011 12:52","0.83","17567","United Kingdom"
"545901","22148","EASTER CRAFT 4 CHICKS ","4","3/7/2011 17:52","1.95","15834","United Kingdom"
"573873","23582","VINTAGE DOILY JUMBO BAG RED ","10","11/1/2011 12:39","2.08","17346","United Kingdom"
"581492","90030B","RED KUKUI COCONUT SEED NECKLACE","1","12/9/2011 10:03","5.82","","United Kingdom"
"540418","22219","LOVEBIRD HANGING DECORATION WHITE ","1","1/7/2011 11:04","1.66","","United Kingdom"
"568721","22580","ADVENT CALENDAR GINGHAM SACK","2","9/28/2011 16:24","4.13","","United Kingdom"
"578004","21172","PARTY METAL SIGN ","48","11/22/2011 12:38","1.45","17155","United Kingdom"
"539215","22756","LARGE YELLOW BABUSHKA NOTEBOOK ","1","12/16/2010 12:42","1.25","15574","United Kingdom"
"571747","21055","TOOL BOX SOFT TOY ","1","10/19/2011 10:59","8.95","13849","United Kingdom"
"553781","48194","DOORMAT HEARTS","4","5/19/2011 10:54","7.95","16008","United Kingdom"
"552493","22386","JUMBO BAG PINK POLKADOT","9","5/9/2011 16:21","2.08","","United Kingdom"
"577595","22380","TOY TIDY SPACEBOY  ","2","11/20/2011 16:12","2.10","16399","United Kingdom"
"577150","20675","BLUE POLKADOT BOWL","10","11/18/2011 9:48","2.46","","United Kingdom"
"561933","21174","POTTERING IN THE SHED METAL SIGN","12","8/1/2011 12:56","2.08","12949","United Kingdom"
"558105","84692","BOX OF 24 COCKTAIL PARASOLS","1","6/26/2011 14:54","0.42","15644","United Kingdom"
"578243","21216","SET 3 RETROSPOT TEA,COFFEE,SUGAR","4","11/23/2011 12:33","4.95","13448","United Kingdom"
"546521","22423","REGENCY CAKESTAND 3 TIER","32","3/14/2011 12:34","10.95","16013","United Kingdom"
"576513","23546","WRAP PAISLEY PARK ","25","11/15/2011 12:10","0.42","14715","United Kingdom"
"556042","85099B","JUMBO BAG RED RETROSPOT","20","6/8/2011 12:44","2.08","14367","United Kingdom"
"577512","23174","REGENCY SUGAR BOWL GREEN","6","11/20/2011 12:55","4.15","12523","France"
"563557","22083","PAPER CHAIN KIT RETROSPOT","12","8/17/2011 13:33","2.95","15786","United Kingdom"
"568227","23395","BELLE JARDINIERE CUSHION COVER","1","9/26/2011 10:57","3.75","17841","United Kingdom"
"575087","21982","PACK OF 12 SUKI TISSUES ","1","11/8/2011 13:57","0.39","16549","United Kingdom"
"558876","23302","KNEELING MAT HOUSEWORK  DESIGN","5","7/4/2011 13:36","1.65","17841","United Kingdom"
"560239","22627","MINT KITCHEN SCALES","2","7/17/2011 11:50","8.50","13507","United Kingdom"
"541695","84968E","SET OF 16 VINTAGE BLACK CUTLERY","1","1/20/2011 18:01","8.29","","United Kingdom"
"565672","22078","RIBBON REEL LACE DESIGN ","10","9/6/2011 9:34","2.10","17700","United Kingdom"
"571640","22988","SOLDIERS EGG CUP ","108","10/18/2011 12:01","1.25","17203","United Kingdom"
"577309","85123A","WHITE HANGING HEART T-LIGHT HOLDER","6","11/18/2011 13:14","2.95","15933","United Kingdom"
"539708","22219","LOVEBIRD HANGING DECORATION WHITE ","1","12/21/2010 12:18","1.66","","United Kingdom"
"548562","22191","IVORY DINER WALL CLOCK","2","4/1/2011 10:18","8.50","","Israel"
"555924","15044D","RED PAPER PARASOL","1","6/7/2011 17:12","5.79","","United Kingdom"
"556469","85099C","JUMBO  BAG BAROQUE BLACK WHITE","20","6/12/2011 11:37","2.08","12516","Germany"
"536798","21899","KEY FOB , GARAGE DESIGN","48","12/2/2010 15:55","0.65","17838","United Kingdom"
"560555","22979","PANTRY WASHING UP BRUSH","1","7/19/2011 13:01","1.45","14178","United Kingdom"
"546034","22030","SWALLOWS GREETING CARD","12","3/9/2011 9:44","0.42","14032","United Kingdom"
"560276","21899","GARAGE KEY FOB","1","7/17/2011 15:11","0.65","14606","United Kingdom"
"543277","22727","ALARM CLOCK BAKELIKE RED ","2","2/6/2011 14:33","3.75","15808","United Kingdom"
"563193","22494","EMERGENCY FIRST AID TIN ","1","8/12/2011 16:30","2.46","","United Kingdom"
"576840","84950","ASSORTED COLOUR T-LIGHT HOLDER","6","11/16/2011 15:23","1.38","","United Kingdom"
"548894","22933","BAKING MOULD EASTER EGG MILK CHOC","3","4/4/2011 16:01","5.79","","United Kingdom"
"578936","23377","PACK OF 12 DOLLY GIRL TISSUES","1","11/27/2011 13:00","0.39","16923","United Kingdom"
"581345","22151","PLACE SETTING WHITE HEART","24","12/8/2011 12:15","0.42","17315","United Kingdom"
"551880","84879","ASSORTED COLOUR BIRD ORNAMENT","8","5/5/2011 9:05","1.69","17374","United Kingdom"
"549754","16156S","WRAP PINK FAIRY CAKES ","25","4/12/2011 11:32","0.42","13700","United Kingdom"
"576894","22745","POPPY'S PLAYHOUSE BEDROOM ","6","11/17/2011 8:35","2.10","12681","France"
"565865","21328","BALLOONS  WRITING SET ","12","9/7/2011 15:07","1.65","12637","France"
"568135","20719","WOODLAND CHARLOTTE BAG","1","9/23/2011 17:04","1.63","","United Kingdom"
"543460","21719","LOVELY BONBON STICKER SHEET","12","2/8/2011 13:32","0.85","","United Kingdom"
"552839","22993","SET OF 4 PANTRY JELLY MOULDS","12","5/11/2011 14:25","1.25","14367","United Kingdom"
"547906","22974","CHILDRENS DOLLY GIRL MUG","2","3/28/2011 12:13","1.65","14410","United Kingdom"
"575176","23661","MILK MAIDS MUG ","2","11/8/2011 18:29","4.13","","United Kingdom"
"557858","21212","PACK OF 72 RETROSPOT CAKE CASES","1","6/23/2011 11:51","0.55","14159","United Kingdom"
"548648","79000","MOROCCAN TEA GLASS","24","4/1/2011 13:20","0.85","12949","United Kingdom"
"568346","22991","GIRAFFE WOODEN RULER","5","9/26/2011 15:28","4.13","14096","United Kingdom"
"574076","22354","RETROSPOT PADDED SEAT CUSHION","4","11/2/2011 15:38","7.46","","United Kingdom"
"566251","85049G","CHOCOLATE BOX RIBBONS ","4","9/11/2011 12:13","1.25","12841","United Kingdom"
"548158","22429","ENAMEL MEASURING JUG CREAM","3","3/29/2011 13:28","4.25","15906","United Kingdom"
"577022","23404","HOME SWEET HOME BLACKBOARD","2","11/17/2011 12:42","4.95","13668","United Kingdom"
"545461","21843","RED RETROSPOT CAKE STAND","2","3/3/2011 8:24","10.95","14388","United Kingdom"
"578344","21147","JINGLE BELLS TREE DECORATION","2","11/24/2011 9:21","1.63","","United Kingdom"
"549705","22178","VICTORIAN GLASS HANGING T-LIGHT","96","4/11/2011 14:00","1.06","13668","United Kingdom"
"581219","84946","ANTIQUE SILVER T-LIGHT GLASS","15","12/8/2011 9:28","2.46","","United Kingdom"
"557938","22918","HERB MARKER PARSLEY","1","6/23/2011 15:35","1.63","","United Kingdom"
"562550","22726","ALARM CLOCK BAKELIKE GREEN","6","8/5/2011 16:16","3.75","13082","United Kingdom"
"541880","22282","12 EGG HOUSE PAINTED WOOD","2","1/24/2011 10:38","12.75","13819","United Kingdom"
"541695","85094","CANDY SPOT EGG WARMER RABBIT","1","1/20/2011 18:01","0.83","","United Kingdom"
"552574","22411","JUMBO SHOPPER VINTAGE RED PAISLEY","100","5/10/2011 12:20","1.79","15311","United Kingdom"
"536528","85049A","TRADITIONAL CHRISTMAS RIBBONS","1","12/1/2010 13:17","1.25","15525","United Kingdom"
"580876","22512","DOORSTOP RACING CAR DESIGN","2","12/6/2011 12:12","0.79","14071","United Kingdom"
"547083","22694","WICKER STAR ","7","3/20/2011 15:21","2.10","15452","United Kingdom"
"551960","22621","TRADITIONAL KNITTING NANCY","12","5/5/2011 12:38","1.65","18239","United Kingdom"
"571912","23025","DRAWER KNOB VINTAGE GLASS BALL","12","10/19/2011 15:26","2.08","17512","United Kingdom"
"555420","82482","WOODEN PICTURE FRAME WHITE FINISH","12","6/3/2011 10:29","2.55","13458","United Kingdom"
"563216","22775","PURPLE DRAWERKNOB ACRYLIC EDWARDIAN","2","8/14/2011 13:14","1.25","17841","United Kingdom"
"571441","72818","CHRISTMAS DECOUPAGE CANDLE","2","10/17/2011 13:31","1.63","14096","United Kingdom"
"551718","84978","HANGING HEART JAR T-LIGHT HOLDER","6","5/3/2011 16:06","2.46","","United Kingdom"
"571850","22425","ENAMEL COLANDER CREAM","2","10/19/2011 12:54","4.95","14698","United Kingdom"
"555400","23174","REGENCY SUGAR BOWL GREEN","12","6/2/2011 17:50","3.75","14088","United Kingdom"
"572302","23555","LANDMARK FRAME NOTTING HILL ","2","10/23/2011 14:47","12.50","15427","United Kingdom"
"558637","22440","BALLOON WATER BOMB PACK OF 35","20","6/30/2011 20:08","0.42","17891","United Kingdom"
"556728","23209","LUNCH BAG DOILEY PATTERN ","4","6/14/2011 11:36","1.65","15719","United Kingdom"
"560568","84946","ANTIQUE SILVER T-LIGHT GLASS","12","7/19/2011 14:03","1.25","13895","United Kingdom"
"580730","21064","BOOM BOX SPEAKER BOYS","2","12/5/2011 17:28","4.13","","United Kingdom"
"555942","22825","DECORATIVE PLANT POT WITH FRIEZE","2","6/8/2011 10:14","7.95","15743","United Kingdom"
"571296","23319","BOX OF 6 MINI 50'S CRACKERS","1","10/16/2011 16:13","2.49","13760","United Kingdom"
"561820","23245","SET OF 3 REGENCY CAKE TINS","2","7/29/2011 16:00","10.79","","United Kingdom"
"559807","21928","JUMBO BAG SCANDINAVIAN BLUE PAISLEY","1","7/12/2011 14:48","2.08","17841","United Kingdom"
"556937","22469","HEART OF WICKER SMALL","24","6/15/2011 16:05","1.65","17716","United Kingdom"
"545221","84279B","CHERRY BLOSSOM DECORATIVE FLASK","8","3/1/2011 8:35","3.75","14740","United Kingdom"
"559492","22668","PINK BABY BUNTING","2","7/8/2011 13:53","5.79","","United Kingdom"
"577520","23231","WRAP  VINTAGE DOILY ","25","11/20/2011 13:20","0.42","14553","United Kingdom"
"571502","85172","HYACINTH BULB T-LIGHT CANDLES","16","10/17/2011 15:18","0.42","14422","United Kingdom"
"562380","23078","ICE CREAM PEN LIP GLOSS ","24","8/4/2011 15:23","1.25","14778","United Kingdom"
"571671","23202","JUMBO BAG VINTAGE LEAF","4","10/18/2011 13:15","2.08","16940","United Kingdom"
"581492","23084","RABBIT NIGHT LIGHT","57","12/9/2011 10:03","4.13","","United Kingdom"
"572318","22581","WOOD STOCKING CHRISTMAS SCANDISPOT","1","10/23/2011 16:19","0.85","15436","United Kingdom"
"546406","20754","RETROSPOT RED WASHING UP GLOVES","1","3/11/2011 16:21","4.13","","United Kingdom"
"552880","22907","PACK OF 20 NAPKINS PANTRY DESIGN","12","5/12/2011 9:59","0.85","18245","United Kingdom"
"544434","22659","LUNCH BOX I LOVE LONDON","1","2/18/2011 16:12","4.13","","United Kingdom"
"573340","22577","WOODEN HEART CHRISTMAS SCANDINAVIAN","20","10/30/2011 11:55","0.29","14159","United Kingdom"
"559163","84748","FOLK FELT HANGING MULTICOL GARLAND","1","7/6/2011 16:33","2.46","","United Kingdom"
"566949","22219","LOVEBIRD HANGING DECORATION WHITE ","2","9/15/2011 16:32","1.63","","United Kingdom"
"562595","75049L","LARGE CIRCULAR MIRROR MOBILE","12","8/7/2011 15:52","1.25","17602","United Kingdom"
"541696","22264","FELT FARM ANIMAL WHITE BUNNY ","2","1/20/2011 18:08","0.79","","United Kingdom"
"568662","21914","BLUE HARMONICA IN BOX ","2","9/28/2011 12:36","1.25","16764","United Kingdom"
"564022","23546","WRAP PAISLEY PARK ","25","8/22/2011 12:10","0.42","13269","United Kingdom"
"557786","23207","LUNCH BAG ALPHABET DESIGN","4","6/22/2011 16:01","1.65","15550","United Kingdom"
"541115","22474","SPACEBOY TV DINNER TRAY","3","1/13/2011 15:34","4.95","12578","Italy"
"558182","23024","LARGE BONNE JAM JAR  T-LIGHT HOLDER","36","6/27/2011 12:11","2.49","17386","United Kingdom"
"560723","20668","DISCO BALL CHRISTMAS DECORATION","24","7/20/2011 13:53","0.12","16464","United Kingdom"
"575207","22556","PLASTERS IN TIN CIRCUS PARADE ","12","11/9/2011 10:27","1.65","18172","United Kingdom"
"550458","22435","SET OF 9 HEART SHAPED BALLOONS","1","4/18/2011 13:13","2.46","","United Kingdom"
"553146","23134","LARGE ZINC HEART WALL ORGANISER","2","5/13/2011 13:52","8.25","14873","United Kingdom"
"574298","20719","WOODLAND CHARLOTTE BAG","1","11/3/2011 15:56","1.63","","United Kingdom"
"561093","21213","PACK OF 72 SKULL CAKE CASES","24","7/25/2011 10:01","0.55","12540","Spain"
"552508","22993","SET OF 4 PANTRY JELLY MOULDS","3","5/9/2011 16:27","2.46","","United Kingdom"
"575943","20698","LITTLE PINK MONSTER SOFT TOY","1","11/13/2011 11:44","2.55","17920","United Kingdom"
"553184","22993","SET OF 4 PANTRY JELLY MOULDS","1","5/15/2011 12:33","1.25","13232","United Kingdom"
"557306","23054","RECYCLED ACAPULCO MAT LAVENDER","4","6/19/2011 14:47","8.25","18062","United Kingdom"
"553411","23052","RECYCLED ACAPULCO MAT TURQUOISE","2","5/17/2011 9:28","8.25","12714","France"
"542399","21947","SET OF 6 HEART CHOPSTICKS","2","1/27/2011 15:38","1.25","15549","United Kingdom"
"547101","22386","JUMBO BAG PINK POLKADOT","100","3/21/2011 10:34","1.65","16029","United Kingdom"
"566171","22633","HAND WARMER UNION JACK","1","9/9/2011 12:22","2.10","18118","United Kingdom"
"538507","82483","WOOD 2 DRAWER CABINET WHITE FINISH","6","12/12/2010 13:26","5.95","15547","United Kingdom"
"569237","79321","CHILLI LIGHTS","2","10/2/2011 15:50","5.75","","United Kingdom"
"571441","22219","LOVEBIRD HANGING DECORATION WHITE ","1","10/17/2011 13:31","1.63","14096","United Kingdom"
"560202","23017","APOTHECARY MEASURING JAR","1","7/15/2011 13:10","12.50","12712","Germany"
"538209","22797","CHEST OF DRAWERS GINGHAM HEART ","1","12/10/2010 11:42","16.95","12748","United Kingdom"
"580696","22617","BAKING SET SPACEBOY DESIGN","1","12/5/2011 16:04","4.95","17757","United Kingdom"
"543182","21314","SMALL GLASS HEART TRINKET POT","2","2/4/2011 10:40","4.13","","United Kingdom"
"569799","22144","CHRISTMAS CRAFT LITTLE FRIENDS","6","10/6/2011 11:47","2.10","13602","United Kingdom"
"573544","20668","DISCO BALL CHRISTMAS DECORATION","24","10/31/2011 13:11","0.12","12856","United Kingdom"
"565438","22386","JUMBO BAG PINK POLKADOT","10","9/4/2011 13:56","2.08","17229","United Kingdom"
"552813","23040","PAPER LANTERN 9 POINT SNOW STAR","3","5/11/2011 12:44","5.75","15079","United Kingdom"
"566726","23135","SMALL ZINC HEART WALL ORGANISER","1","9/14/2011 13:12","5.75","15021","United Kingdom"
"538201","21123","SET/10 IVORY POLKADOT PARTY CANDLES","1","12/10/2010 11:12","1.25","15723","United Kingdom"
"548194","23158","SET OF 5 LUCKY CAT MAGNETS ","1","3/29/2011 15:30","4.13","","United Kingdom"
"542026","22194","BLACK DINER WALL CLOCK","2","1/25/2011 11:41","8.50","15110","United Kingdom"
"538151","47590B","PINK HAPPY BIRTHDAY BUNTING","3","12/9/2010 16:28","5.45","16163","United Kingdom"
"578479","20728","LUNCH BAG CARS BLUE","1","11/24/2011 12:48","1.65","15858","United Kingdom"
"578922","22633","HAND WARMER UNION JACK","1","11/27/2011 12:00","2.10","17236","United Kingdom"
"541658","22332","SKULLS PARTY BAG + STICKER SET","3","1/20/2011 12:16","1.65","15529","United Kingdom"
"541423","22110","BIRD HOUSE HOT WATER BOTTLE","11","1/17/2011 17:54","3.29","","United Kingdom"
"564843","22751","FELTCRAFT PRINCESS OLIVIA DOLL","1","8/30/2011 14:09","3.75","15866","United Kingdom"
"538636","21314","SMALL GLASS HEART TRINKET POT","8","12/13/2010 13:50","2.10","14639","United Kingdom"
"541265","22505","MEMO BOARD COTTAGE DESIGN","1","1/16/2011 16:23","4.95","17609","United Kingdom"
"546037","22750","FELTCRAFT PRINCESS LOLA DOLL","4","3/9/2011 10:00","3.75","14825","United Kingdom"
"569010","22112","CHOCOLATE HOT WATER BOTTLE","96","9/30/2011 7:36","4.25","14156","EIRE"
"568805","20712","JUMBO BAG WOODLAND ANIMALS","10","9/29/2011 10:55","2.08","12826","United Kingdom"
"576842","21619","4 VANILLA BOTANICAL CANDLES","12","11/16/2011 15:31","1.25","13599","United Kingdom"
"566298","47567B","TEA TIME KITCHEN APRON","1","9/11/2011 15:52","5.95","14030","United Kingdom"
"540468","22817","CARD SUKI BIRTHDAY","36","1/7/2011 13:55","0.43","","United Kingdom"
"559362","22208","WOOD STAMP SET THANK YOU","12","7/8/2011 8:43","0.83","12635","Germany"
"550467","82486","WOOD S/3 CABINET ANT WHITE FINISH","1","4/18/2011 13:36","8.95","18009","United Kingdom"
"558232","23192","BUNDLE OF 3 ALPHABET EXERCISE BOOKS","1","6/27/2011 14:30","1.65","17841","United Kingdom"
"559338","85170B","SET/6 BLACK BIRD T-LIGHT CANDLES","1","7/7/2011 16:30","2.46","","United Kingdom"
"568207","22969","HOMEMADE JAM SCENTED CANDLES","12","9/25/2011 15:34","1.45","15150","United Kingdom"
"575516","82484","WOOD BLACK BOARD ANT WHITE FINISH","12","11/10/2011 10:45","6.75","17340","United Kingdom"
"556288","22712","CARD DOLLY GIRL ","12","6/10/2011 9:23","0.42","13426","United Kingdom"
"559055","21198","WHITE HEART CONFETTI IN TUBE","7","7/5/2011 17:09","0.83","","United Kingdom"
"567542","23029","DRAWER KNOB CRACKLE GLAZE GREEN","6","9/21/2011 10:16","1.65","16626","United Kingdom"
"574696","21822","GLITTER CHRISTMAS TREE WITH BELLS","6","11/6/2011 13:40","0.79","13634","United Kingdom"
"571183","21232","STRAWBERRY CERAMIC TRINKET BOX","12","10/14/2011 11:08","1.25","14796","United Kingdom"
"568135","84923","PINK BUTTERFLY HANDBAG W BOBBLES","2","9/23/2011 17:04","4.13","","United Kingdom"
"556480","23090","VINTAGE GLASS T-LIGHT HOLDER","6","6/12/2011 12:55","0.83","13617","United Kingdom"
"554714","21169","YOU'RE CONFUSING ME METAL SIGN ","1","5/26/2011 10:44","4.13","","United Kingdom"
"556198","20971","PINK BLUE FELT CRAFT TRINKET BOX","3","6/9/2011 12:30","1.25","14963","United Kingdom"
"541262","21464","DISCO BALL ROTATOR BATTERY OPERATED","1","1/16/2011 15:50","4.25","18069","United Kingdom"
"542231","21205","MULTICOLOUR 3D BALLS GARLAND","7","1/26/2011 13:40","2.55","16714","United Kingdom"
"567901","22076","6 RIBBONS EMPIRE  ","2","9/22/2011 16:28","1.25","","United Kingdom"
"560257","22950","36 DOILIES VINTAGE CHRISTMAS","72","7/17/2011 13:25","1.45","13340","United Kingdom"
"567670","22865","HAND WARMER OWL DESIGN","2","9/21/2011 15:32","4.13","","United Kingdom"
"579510","22993","SET OF 4 PANTRY JELLY MOULDS","12","11/29/2011 16:44","1.25","14554","United Kingdom"
"546429","22662","LUNCH BAG DOLLY GIRL DESIGN","6","3/13/2011 15:25","1.65","17611","United Kingdom"
"568198","22907","PACK OF 20 NAPKINS PANTRY DESIGN","3","9/25/2011 14:52","0.85","16771","United Kingdom"
"568152","22665","RECIPE BOX BLUE SKETCHBOOK DESIGN","1","9/25/2011 11:40","2.95","16480","United Kingdom"
"540838","22178","VICTORIAN GLASS HANGING T-LIGHT","12","1/11/2011 15:13","1.25","13862","United Kingdom"
"550438","20971","PINK BLUE FELT CRAFT TRINKET BOX","12","4/18/2011 12:16","1.25","15265","United Kingdom"
"569544","22870","NUMBER TILE COTTAGE GARDEN 2","1","10/4/2011 16:33","4.13","","United Kingdom"
"540477","21615","4 LAVENDER BOTANICAL DINNER CANDLES","12","1/7/2011 14:49","1.25","13233","United Kingdom"
"580115","48194","DOORMAT HEARTS","2","12/1/2011 16:22","15.79","","United Kingdom"
"571180","21982","PACK OF 12 SUKI TISSUES ","24","10/14/2011 10:47","0.39","15498","United Kingdom"
"544355","22466","FAIRY TALE COTTAGE NIGHTLIGHT","12","2/18/2011 10:53","1.95","12714","France"
"574511","22469","HEART OF WICKER SMALL","12","11/4/2011 13:26","1.65","15597","United Kingdom"
"566285","23300","GARDENERS KNEELING PAD CUP OF TEA ","3","9/11/2011 14:51","1.65","13611","United Kingdom"
"537643","20724","RED RETROSPOT CHARLOTTE BAG","9","12/7/2010 15:34","2.51","","United Kingdom"
"580661","23084","RABBIT NIGHT LIGHT","12","12/5/2011 13:52","2.08","17218","United Kingdom"
"544089","79144B","PAINTED LIGHTBULB STAR+ MOON","1","2/15/2011 17:51","0.83","","United Kingdom"
"538637","22977","DOLLY GIRL CHILDRENS EGG CUP","2","12/13/2010 13:52","1.25","17611","United Kingdom"
"547362","22505","MEMO BOARD COTTAGE DESIGN","24","3/22/2011 12:33","4.25","13694","United Kingdom"
"545060","21175","GIN + TONIC DIET METAL SIGN","3","2/27/2011 13:47","2.55","15547","United Kingdom"
"569790","23327","HANGING CLEAR MINI BOTTLE","5","10/6/2011 11:42","0.63","15910","United Kingdom"
"547042","21802","CHRISTMAS TREE HEART DECORATION","2","3/20/2011 11:00","0.42","","United Kingdom"
"543171","21789","KIDS RAIN MAC PINK","4","2/4/2011 9:11","1.63","","United Kingdom"
"580005","22338","STAR DECORATION PAINTED ZINC ","8","12/1/2011 11:38","0.19","16376","United Kingdom"
"542713","22064","PINK DOUGHNUT TRINKET POT ","24","1/31/2011 13:27","1.65","12668","Germany"
"567376","22192","BLUE DINER WALL CLOCK","4","9/20/2011 9:54","8.50","13767","United Kingdom"
"541809","20726","LUNCH BAG WOODLAND","9","1/21/2011 14:59","4.96","","United Kingdom"
"569401","23271","CHRISTMAS TABLE SILVER CANDLE SPIKE","16","10/4/2011 8:56","0.83","15111","United Kingdom"
"553933","22379","RECYCLING BAG RETROSPOT ","10","5/20/2011 10:30","2.10","15078","United Kingdom"
"563194","21755","LOVE BUILDING BLOCK WORD","2","8/12/2011 16:36","5.95","17858","United Kingdom"
"553702","85049D","BRIGHT BLUES RIBBONS ","2","5/18/2011 14:50","1.25","13263","United Kingdom"
"574474","21591","COSY HOUR CIGAR BOX MATCHES ","1","11/4/2011 12:05","1.25","17979","United Kingdom"
"569832","22187","GREEN CHRISTMAS TREE CARD HOLDER","12","10/6/2011 12:51","1.95","15315","United Kingdom"
"552642","22697","GREEN REGENCY TEACUP AND SAUCER","6","5/10/2011 13:22","2.95","14288","United Kingdom"
"548698","22502","PICNIC BASKET WICKER SMALL","1","4/3/2011 10:55","5.95","18109","United Kingdom"
"545333","21756","BATH BUILDING BLOCK WORD","1","3/1/2011 16:22","11.63","","United Kingdom"
"578844","20931","BLUE POT PLANT CANDLE ","1","11/25/2011 16:14","7.46","","United Kingdom"
"571205","22928","YELLOW GIANT GARDEN THERMOMETER","2","10/14/2011 12:41","5.95","15620","United Kingdom"
"565232","23014","GLASS APOTHECARY BOTTLE ELIXIR","1","9/2/2011 9:30","8.29","","United Kingdom"
"548449","21531","RED RETROSPOT SUGAR JAM BOWL","6","3/31/2011 11:08","2.55","14911","EIRE"
"563259","22481","BLACK TEA TOWEL CLASSIC DESIGN","12","8/15/2011 12:19","1.25","17958","United Kingdom"
"538071","22530","MAGIC DRAWING SLATE DOLLY GIRL ","1","12/9/2010 14:09","0.85","","United Kingdom"
"539250","22783","SET 3 WICKER OVAL BASKETS W LIDS","4","12/16/2010 13:44","7.95","15157","United Kingdom"
"538148","22483","RED GINGHAM TEDDY BEAR ","1","12/9/2010 16:26","5.91","","United Kingdom"
"561217","90214A","LETTER \"A\" BLING KEY RING","1","7/25/2011 17:09","0.83","","United Kingdom"
"556815","85123A","WHITE HANGING HEART T-LIGHT HOLDER","12","6/15/2011 8:36","2.95","14852","United Kingdom"
"571433","22024","RAINY LADIES BIRTHDAY CARD","12","10/17/2011 13:19","0.42","13015","United Kingdom"
"559894","81953P","ROUND ARTICULATED PINK CLOCK W/SUCK","4","7/13/2011 12:06","0.19","14159","United Kingdom"
"572307","22423","REGENCY CAKESTAND 3 TIER","2","10/23/2011 15:23","12.75","16905","United Kingdom"
"571039","23502","PLAYING CARDS VINTAGE DOILY ","1","10/13/2011 12:59","1.25","16121","United Kingdom"
"565332","22960","JAM MAKING SET WITH JARS","6","9/2/2011 14:09","4.25","13695","United Kingdom"
"541698","21479","WHITE SKULL HOT WATER BOTTLE ","1","1/20/2011 19:16","3.75","14713","United Kingdom"
"580025","20727","LUNCH BAG  BLACK SKULL.","1","12/1/2011 11:53","1.65","15021","United Kingdom"
"545226","22317","FIVE CATS HANGING DECORATION","12","3/1/2011 9:33","2.95","12428","Finland"
"538638","21818","GLITTER CHRISTMAS HEART ","1","12/13/2010 14:16","0.85","17231","United Kingdom"
"571508","23217","LAUREL HEART ANTIQUE SILVER","1","10/17/2011 15:27","2.46","","United Kingdom"
"581253","22776","SWEETHEART 3 TIER CAKE STAND ","1","12/8/2011 11:15","9.95","16891","United Kingdom"
"541969","20652","BLUE POLKADOT LUGGAGE TAG ","1","1/24/2011 13:46","2.46","","United Kingdom"
"548194","35971","ROSE FOLKART HEART DECORATIONS","1","3/29/2011 15:30","2.46","","United Kingdom"
"541110","72232","FENG SHUI PILLAR CANDLE","12","1/13/2011 15:11","0.19","15916","United Kingdom"
"536983","POST","POSTAGE","1","12/3/2010 14:30","18.00","12712","Germany"
"556441","23235","STORAGE TIN VINTAGE LEAF","4","6/10/2011 15:07","2.89","14415","United Kingdom"
"554362","22840","ROUND CAKE TIN VINTAGE RED","1","5/24/2011 10:17","7.95","17811","United Kingdom"
"548450","22030","SWALLOWS GREETING CARD","12","3/31/2011 11:20","0.42","15856","United Kingdom"
"562807","23306","SET OF 36 DOILIES PANTRY DESIGN","12","8/9/2011 14:57","1.45","16053","United Kingdom"
"572921","21682","LARGE MEDINA STAMPED METAL BOWL ","4","10/26/2011 16:57","4.95","15993","United Kingdom"
"553199","23206","LUNCH BAG APPLE DESIGN","4","5/15/2011 15:14","1.65","17758","United Kingdom"
"546982","22977","DOLLY GIRL CHILDRENS EGG CUP","1","3/18/2011 12:26","1.25","15483","United Kingdom"
"548327","21928","JUMBO BAG SCANDINAVIAN BLUE PAISLEY","2","3/30/2011 13:05","2.08","16788","United Kingdom"
"563532","22383","LUNCH BAG SUKI DESIGN ","100","8/17/2011 11:04","1.45","17511","United Kingdom"
"545907","22489","PACK OF 12 TRADITIONAL CRAYONS","24","3/8/2011 9:24","0.42","15806","United Kingdom"
"578308","22091","EMPIRE TISSUE BOX","1","11/23/2011 16:09","0.39","12748","United Kingdom"
"550275","84510A","SET OF 4 ENGLISH ROSE COASTERS","10","4/15/2011 12:35","1.25","13993","United Kingdom"
"540551","90019B","GOLD M.O.P ORBIT BRACELET","1","1/10/2011 9:43","5.51","","United Kingdom"
"564056","21770","OPEN CLOSED METAL SIGN","2","8/22/2011 14:13","4.95","14387","United Kingdom"
"565915","22867","HAND WARMER BIRD DESIGN","5","9/7/2011 15:52","2.10","15752","United Kingdom"
"541878","10002","INFLATABLE POLITICAL GLOBE ","1","1/24/2011 10:28","1.63","","United Kingdom"
"542664","22161","HEART DECORATION RUSTIC HANGING ","14","1/31/2011 12:14","0.79","","United Kingdom"
"572103","22083","PAPER CHAIN KIT RETROSPOT","1","10/20/2011 15:57","2.95","17571","United Kingdom"
"573582","22139","RETROSPOT TEA SET CERAMIC 11 PC ","3","10/31/2011 14:23","4.95","16633","United Kingdom"
"576933","20992","JAZZ HEARTS PURSE NOTEBOOK","5","11/17/2011 11:29","0.39","15529","United Kingdom"
"575607","85174","S/4 CACTI CANDLES","1","11/10/2011 12:37","10.79","14096","United Kingdom"
"574962","22154","ANGEL DECORATION 3 BUTTONS ","96","11/8/2011 10:26","0.42","15194","United Kingdom"
"559807","22978","PANTRY ROLLING PIN","2","7/12/2011 14:48","3.75","17841","United Kingdom"
"578942","22940","FELTCRAFT CHRISTMAS FAIRY","1","11/27/2011 13:29","4.25","17288","United Kingdom"
"555388","22723","SET OF 6 HERB TINS SKETCHBOOK","4","6/2/2011 15:48","3.95","17719","United Kingdom"
"569332","22900","SET 2 TEA TOWELS I LOVE LONDON ","3","10/3/2011 13:46","3.25","12637","France"
"545821","22722","SET OF 6 SPICE TINS PANTRY DESIGN","4","3/7/2011 12:50","3.95","13001","United Kingdom"
